No. ,"Nombre de la base y/o conjunto de datos

(Repetir el nombre en todas las filas)",Nombre de la columna,Etiqueta,Descripción,"Tipo de dato

(Seleccione de acuerdo a las opciones)","Formato 

(Para columnas de fecha u hora)","Rango o valores que permite el campo

","Registro de campos vacÃ­os 

(Si este campo no tiene campos vacÃ­os anotar ""SIN DATOS VACÃOS"")"
1,Afluencia diaria de la Red de Transporte de Pasajeros,fecha,fecha,Fecha de la medición de afuencia,Fecha,AAAA-MM-DD,fechas,SIN DATOS VACIOS
2,Afluencia diaria de la Red de Transporte de Pasajeros,dia,día,Día de la medición de afluencia,Número entero,,Número entero,SIN DATOS VACIOS
3,Afluencia diaria de la Red de Transporte de Pasajeros,mes,fecha,Mes de la medición de afluencia,Alfanumérico,,"Mes en texto, i.e. ""Enero""",SIN DATOS VACIOS
4,Afluencia diaria de la Red de Transporte de Pasajeros,ano,aņo,Aņo de la medición de afluencia,Número entero,,Aņo,SIN DATOS VACIOS
5,Afluencia diaria de la Red de Transporte de Pasajeros,servicio,servicio,Servicio de RTP de la medición de afluencia,Alfanumérico,,"""Línea X""",SIN DATOS VACIOS
6,Afluencia diaria de la Red de Transporte de Pasajeros,afluencia_boleto,entradas a RTP con boleto,Total de personas que han ingresado bajo el esquema de pago con boleto,Número entero,,Número entero,SIN DATOS VACIOS
7,Afluencia diaria de la Red de Transporte de Pasajeros,afluencia_prepago,entradas a RTP con prepago,Total de personas que han ingresado bajo el esquema de prepago,Número entero,,Número entero,SIN DATOS VACIOS
8,Afluencia diaria de la Red de Transporte de Pasajeros,afluencia_gratuidad,entradas a RTP por gratuidad,Total de personas que han ingresado bajo el esquema de gratuidad,Número entero,,Número entero,SIN DATOS VACIOS
9,Afluencia diaria de la Red de Transporte de Pasajeros,afluencia_total,afluencia total,Total de personas que a la fecha han ingresado a RTP,Número entero,,Número entero,SIN DATOS VACIOS
